priref,Object Number,Object Name,Scientific Name,Description,Collector Name,Collection Place,OS Grid Ref,Stratigraphy Unit,Stratigraphy Type,Image URL,Latitude,Longitude
51824,G.00055.001,Brachiopod,Dalmanella unguis,"Fossilised Ordovician brachiopod, Dalmanella unguis from Marshwood, Shropshire. Counterpart of G.00055.002. Original Ludlow Natural History Society specimen.",unknown,Marshwood; Marshbrook; Shropshire,unknown,Ordovician; Caradoc Series; Marshbrookian Stage; Upper Cheney Longville Flags,Chronostratigraphy; Chronostratigraphy; Chronostratigraphy; Lithostratigraphy,https://github.com/NaturalHistoryMuseum/LudlowMuseumImgs/raw/master/G.00055.001.jpg,,
655139,G.00055.002,Brachiopod,Dalmanella unguis,"Fossilised Ordovician brachiopod, Dalmanella unguis from Marshwood, Shropshire. Counterpart of G.00055.001. Original Ludlow Natural History Society specimen.",unknown,Marshwood; Marshbrook; Shropshire,unknown,Ordovician; Caradoc Series; Marshbrookian Stage; Upper Cheney Longville Flags,Chronostratigraphy; Chronostratigraphy; Chronostratigraphy; Lithostratigraphy,https://github.com/NaturalHistoryMuseum/LudlowMuseumImgs/raw/master/G.00055.002.jpg,,
51902,G.00093,Brachiopod,Strophomena grandis,"Ordovician fossil brachiopod, Strophomena grandis",unknown,Marshbrook,SO440890,Ordovician Period; Caradoc Series; Longvillian Stage,Chronostratigraphy; Chronostratigraphy; Chronostratigraphy,https://github.com/NaturalHistoryMuseum/LudlowMuseumImgs/raw/master/G.00093.jpg,52.49566176,-2.824953479
51903,G.00094,Brachiopod,Kjaerina typa,"Fossilised remains of single valve of Ordovician fossil brachiopod Kjaerina typa. Found at Cheney Longvillle, Shropshire. Original Ludlow Natural History specimen.",unknown,Cheney Longville,SO410850,Ordovician Period; Caradoc Series; Aeronian Stage; Longvillian Substage,Chronostratigraphy; Chronostratigraphy; Chronostratigraphy; Chronostratigraphy,https://github.com/NaturalHistoryMuseum/LudlowMuseumImgs/raw/master/G.00094.jpg,52.45938552,-2.868433714
54696,G.00096.002,Brachiopod,Dalmanella wattsi,Single valve of the Ordovician brachiopod Dalmanella wattsi. Found at Marshwood Shropshire. Original Ludlow Natural History Society specimen.,unknown,Marshwood,unknown,Ordovician Period; Caradoc Series; Cheney Longville Formation,Chronostratigraphy; Chronostratigraphy; Lithostratigraphy,https://github.com/NaturalHistoryMuseum/LudlowMuseumImgs/raw/master/G.00096.002.jpg,,
50923,G.00197,Gastropod,Cyclonema corallii,"Silurian fossil gastropod Cyclonema corallii. Found at Whitcliffe, Shropshire.","Moore, R.G.; Bell, P.",Whitcliffe,SO500740,Silurian Period; Ludlow Series; Whitcliffe Formation,Chronostratigraphy; Chronostratigraphy; Lithostratigraphy,https://github.com/NaturalHistoryMuseum/LudlowMuseumImgs/raw/master/G.00197.jpg,52.36138975,-2.7343294
50621,G.00214,Graptolite,Saetograptus leintwardinensis; Monograptus sp.,Complete and fragmented remains of the Silurian fossil graptolites Saetograptus leintwardinensis and Monograptus sp. Believed to come from Church Hill area. Original Ludlow Natural History specimen.,unknown,Church Hill,SO410730,Silurian Period; Lower Leintwardine Formation,Chronostratigraphy; Lithostratigraphy,https://github.com/NaturalHistoryMuseum/LudlowMuseumImgs/raw/master/G.00214.jpg,52.35150444,-2.866317715
54507,G.00468,Brachiopod,Sowerbyella sericea,"Fossilised remains of the Ordovician brachiopod Sowerbyella sericea. Mostly preserved as intermal moulds of single valves, with some shell fragments. Original Ludlow Natural History Society specimen.",unknown,Horderley,SO410860,Ordovician Period; Caradoc Series; Longvillian Substage; Horderley Sandstone Formation,Chronostratigraphy; Chronostratigraphy; Chronostratigraphy; Lithostratigraphy,https://github.com/NaturalHistoryMuseum/LudlowMuseumImgs/raw/master/G.00468.jpg,52.46837552,-2.868610653
54490,G.00483,Brachiopod; Cricoconarida,Strophomena expansa; Tentaculites anglicus,"Fossilised remains of the Ordovician brachiopod Strophomena expansa, mostly in the form of interal moulds of single valves. Some original shell material. Also present are the Cricoconarid Tentaculites.","Bason, Miss",Cheney Longville,unknown,Ordovician Period,Chronostratigraphy,https://github.com/NaturalHistoryMuseum/LudlowMuseumImgs/raw/master/G.00483.jpg,,
54805,G.00491,Brachiopod,Orthis expansa,"Fossilised internal mould of the shell of the Ordovician brachiopod, Orthis expansa. Original Ludlow Natural History Museum specimen.",unknown,Unknown,unknown,Ordovician Period; Caradoc Series,Chronostratigraphy; Chronostratigraphy,https://github.com/NaturalHistoryMuseum/LudlowMuseumImgs/raw/master/G.00491.jpg,,
54813,G.01087,Brachiopod,Harknessella vespertilio,Fossilised remains of the valve of the Ordovician brachiopod Harknessella vespertilio. Believed to have been collected from the Craven Arms area.,unknown,Craven Arms District,unknown,Ordovician Period; Caradoc Series,Chronostratigraphy; Chronostratigraphy,https://github.com/NaturalHistoryMuseum/LudlowMuseumImgs/raw/master/G.01087.jpg,,
54542,G.01134,Brachiopod,Sowerbyella sericea,Fossilised remains of the Ordovician brachiopod Sowerbyella sericea. Internal mould of single valves as well as exteral shell fragments.,"Shephard, H.H.",Marshbrook,unknown,Ordovician Period; Caradoc Series,Chronostratigraphy; Chronostratigraphy,https://github.com/NaturalHistoryMuseum/LudlowMuseumImgs/raw/master/G.01134.jpg,,
54563,G.01136,Brachiopod,Dalmanella unguis,"Fossilised remains of single valves of the Ordovician brachiopod Dalmanella unguis. Found at Cheney Longville, Shropshire.","Shephard, H.H.",Cheney Longville,unknown,Ordovician Period; Caradoc Series,Chronostratigraphy; Chronostratigraphy,https://github.com/NaturalHistoryMuseum/LudlowMuseumImgs/raw/master/G.01136.jpg,,
56947,G.01787.002,Gastropod,Turbo sp.,"Fossilised shell of the marine Silurian gastropod Turbo sp. Found at Upper Millichope, Shropshire.","Thacker, D.; Norton, W.J.",Upper Millichope,SO520890,Silurian Period; Middle Elton Formation,Chronostratigraphy; Lithostratigraphy,https://github.com/NaturalHistoryMuseum/LudlowMuseumImgs/raw/master/G.01787.002.jpg,52.49642463,-2.707113549
56943,G.01954,Gastropod,Cyclonema octavia,"Fossilised shell fragment of Silurian gastropod, Cyclonema octavia found at Norton Lane Quarry, Craven Arms Shropshire.","Shephard, H.H.",Norton Lane Quarry; Craven Arms,SO430020,Silurian Period; Ludlow Series,Chronostratigraphy; Chronostratigraphy,https://github.com/NaturalHistoryMuseum/LudlowMuseumImgs/raw/master/G.01954.jpg,51.71337322,-2.825119071
56882,G.01957,Gastropod; BIVALVE,Loxonema sinuosa; Pterinea sp.,"Fossil remains of a Silurian gastropod, Loxonema sinuosa, preserved as an internal mould and cast. Also preserved is a valve of the bivalve Pterinea sp. and fragments of brachiopod and bryozoan.","Moore, R.G.; Bell, P.",Whitcliffe,SO500740,Silurian Period; Upper Leintwardine Formation,Chronostratigraphy; Lithostratigraphy,https://github.com/NaturalHistoryMuseum/LudlowMuseumImgs/raw/master/G.01957.jpg,52.36138975,-2.7343294
56879,G.01972,Gastropod,Loxonema sinuosa,"Well worn fossilised remains of the Silurian gastropod Loxonema sinuosa. Preserved in a water rounded pebble. Found at Linney, Ludlow.","Rogers, Ian","Linney, Ludlow",SO500740,Silurian Period; Ludfordian Stage,Chronostratigraphy; Chronostratigraphy,https://github.com/NaturalHistoryMuseum/LudlowMuseumImgs/raw/master/G.01972.jpg,52.36138975,-2.7343294
53487,G.02552,Trilobite,Trilobite,Part of cephalon of Ordovician trilobites,unknown,Llanfawr Quarry,unknown,Ordovician Period; Llandeilian Stage,Chronostratigraphy; Chronostratigraphy,https://github.com/NaturalHistoryMuseum/LudlowMuseumImgs/raw/master/G.02552a.jpg,,
52691,G.02618.001,Trilobite,Trinucleus lloydi,"Fossilised Ordovician trilobite, Trinucleus lloydi","Shephard, H.H.",Hillside; Llandrindod Wells,unknown,Ordovician Period; Llandeilian Stage,Chronostratigraphy; Chronostratigraphy,https://github.com/NaturalHistoryMuseum/LudlowMuseumImgs/raw/master/G.02618.001a.jpg,,
52732,G.02618.002,Trilobite,Trinucleus lloydi,"Fossilised Ordovician trilobite, Trinucleus lloydi","Shephard, H.H.",Hillside; Llandrindod Wells,unknown,Ordovician Period; Llandeilian Stage,Chronostratigraphy; Chronostratigraphy,https://github.com/NaturalHistoryMuseum/LudlowMuseumImgs/raw/master/G.02618.002a.jpg,,
53237,G.02691,Trilobite,Onnia superba,"Fossilised remains of the Ordovician trilobite Onnia superba, comrising the cephalon only. Found in the River Onny near Wistanstow, Shropshire.","Shephard, H.H.","River Onny Valley, Wistanstow",unknown,Ordovician Period; Caradoc Series,Chronostratigraphy; Chronostratigraphy,https://github.com/NaturalHistoryMuseum/LudlowMuseumImgs/raw/master/G.02691.jpg,,
53260,G.02752,Trilobite,Trinucleus gibbsi,"Cephalon of Ordovician trilobite from Upper Gilwern, Llandrindnod Wells.","Smith, Mr & Mrs; Norton, W.J.","Upper Gilwern, Llandrindod Wells",unknown,Ordovician Period; Llandeilian Stage,Chronostratigraphy; Chronostratigraphy,https://github.com/NaturalHistoryMuseum/LudlowMuseumImgs/raw/master/G.02752.jpg,,
56191,G.03653,Graptolite,Pristiograptus colonus,Fossilised fragments of Silurian graptolites,"Darlingwater, J.E.",Upper Millichope; Shropshire,SO520890,Silurian Period; Elton Formation,Chronostratigraphy; Lithostratigraphy,https://github.com/NaturalHistoryMuseum/LudlowMuseumImgs/raw/master/G.03653.jpg,52.49642463,-2.707113549
54203,G.03747,Gastropod,Sinuites bilobatus,"Fossilised remains of the Ordovician gastropod Sinuites bilobatus. Collected at Horderley, Shropshire. Original Ludlow Natural History Museum specimen",unknown,Horderley,SO410860,Ordovician Period; Caradoc Series,Chronostratigraphy; Chronostratigraphy,https://github.com/NaturalHistoryMuseum/LudlowMuseumImgs/raw/master/G.03747.jpg,52.46837552,-2.868610653
50665,G.03824,Graptolite,Neodiversograptus nilssoni,Fossilised fragments of Silurian graptolites,"Marston, A.",Evanhay Lane,unknown,Silurian Period; Elton Formation,Chronostratigraphy; Lithostratigraphy,https://github.com/NaturalHistoryMuseum/LudlowMuseumImgs/raw/master/G.03824.jpg,,
52442,G.03986,Gastropod,Pleurotomaria undata," Fossilised shell of Silurian gastropod, Pleurotomaria undata",unknown,unknown,unknown,Silurian Period; Ludlow Series,Chronostratigraphy; Chronostratigraphy; Biostratigraphy,https://github.com/NaturalHistoryMuseum/LudlowMuseumImgs/raw/master/G.03986.jpg,,
56863,G.03995,Trilobite; Gastropod,Loxonema sinuosa; Cyclonema sp.; Dalmanites myops,"Fossilised fragments of Silurian gastropod, Loxonema sinuosa and trilobite, Dalmanites myops","Norton, John",Upper Millichope,SO520890,Silurian Period; Elton Formation,Chronostratigraphy; Lithostratigraphy,https://github.com/NaturalHistoryMuseum/LudlowMuseumImgs/raw/master/G.03995a.jpg,52.49642463,-2.707113549
56944,G.04013,Gastropod,Cyclonema cirrhosa,"Fossilised shell of Silurian gastropod Cyclonema cirrhosa found at Sunnyhill Quarry near Ludlow, Shropshire",unknown,Sunnyhill Quarry; Ludlow Town,SO490720,Silurian Period; Upper Bringewood Formation,Chronostratigraphy; Lithostratigraphy,https://github.com/NaturalHistoryMuseum/LudlowMuseumImgs/raw/master/G.04013.jpg,52.34331672,-2.748710739
56554,G.04015,Gastropod,Bembexia lloydi,"Fossilised shell of the Silurian gastropod Bembexia lloydi. Found in quarry near Ludlow, Shropshire.","Norton, W.J.; Bell, P.",Ludlow district,SO490730,Silurian Period; Lower Leintwardine Formation,Chronostratigraphy; Lithostratigraphy,https://github.com/NaturalHistoryMuseum/LudlowMuseumImgs/raw/master/G.04015.jpg,52.35230716,-2.748862649
56680,G.04025,Gastropod,Bellerophon sp.,"Fossilised Ordovician gastropod, Bellerophon sp.","Norton, John",Upper Gilwern; Howey; Landrindod Wells,unknown,Ordovician Period; Llandeilian Stage,Chronostratigraphy; Chronostratigraphy,https://github.com/NaturalHistoryMuseum/LudlowMuseumImgs/raw/master/G.04025.jpg,,
56952,G.04108,Gastropod,Turbo sp.,Fossilised shell of Silurian gastropod Turbo sp.,unknown,Unknown,unknown,Silurian Period; Much Wenlock Limestone Formation,Chronostratigraphy; Lithostratigraphy,https://github.com/NaturalHistoryMuseum/LudlowMuseumImgs/raw/master/G.04108.jpg,,
54734,G.04332,Brachiopod,Reuschella bilobata,Fossilised shell of Ordovician brachiopod Reuschella bilobata,unknown,Acton Scott Village,unknown,Ordovician Period; Caradoc Series; Actonian Substage; Acton Scott Formation,Chronostratigraphy; Chronostratigraphy; Chronostratigraphy; Lithostratigraphy,https://github.com/NaturalHistoryMuseum/LudlowMuseumImgs/raw/master/G.04332.jpg,,
56899,G.04343,Gastropod,Loxonema sinuosa,"Fossilised shell of Silurian gastropod Loxonema sinuosa found at Upper Millichope, Shropshire.",unknown,Upper Millichope,SO520890,Silurian Period; Middle Elton Formation,Chronostratigraphy; Lithostratigraphy,https://github.com/NaturalHistoryMuseum/LudlowMuseumImgs/raw/master/G.04343.jpg,52.49642463,-2.707113549
56881,G.04402.001,Gastropod,Loxonema sp.,"Fossilised Silurian gastropod, Loxonema sp. Found at Sunnyhill, Mortimer Forest.","Bell, P.",Sunnyhill,SO490740,Silurian Period; Upper Leintwardine Formation,Chronostratigraphy; Lithostratigraphy,https://github.com/NaturalHistoryMuseum/LudlowMuseumImgs/raw/master/G.04402.001.jpg,52.36129759,-2.749014639
54704,G.04501,Brachiopod,Dalmanella wattsi; Kjaerina sp.,Medium grained sandstone containing a mixture of internal moulds and original shell material of the Ordovician brachiopods Dalmanella wattsi and Kjaerina sp.,"Ellis, R.A.",New House,unknown,Ordovician Period; Caradoc Series; Longvillian Substage,Chronostratigraphy; Chronostratigraphy; Chronostratigraphy,https://github.com/NaturalHistoryMuseum/LudlowMuseumImgs/raw/master/G.04501.jpg,,
54896,G.04560,Brachiopod,Lingulella sp.,Fossilised valve of the Ordovician brachiopod Lingulella sp. from Montgomeryshire.,"Jones, Peter",montgomeryshire,unknown,Ordovician Period; Llandeilian Stage,Chronostratigraphy; Chronostratigraphy,https://github.com/NaturalHistoryMuseum/LudlowMuseumImgs/raw/master/G.04560.jpg,,
54873,G.04580,Brachiopod,Dinorthis flabellum,"Fossilised remains of the Ordovician brachiopod Dinorthis flabellum, consisting of the internal mould of a single valve and fragments of others.","Lello, A.C.N.",Pont Derwlwyn,SJ140190,Ordovician Period; Caradoc Series,Chronostratigraphy; Chronostratigraphy,https://github.com/NaturalHistoryMuseum/LudlowMuseumImgs/raw/master/G.04580.jpg,52.76141324,-3.274607508
54806,G.04581,Brachiopod,Dolerorthis sp.,"Internal mould of the valve of an Ordovician brachiopod, Dolerorthis sp.","Beesly, Mrs",Unknown,unknown,Ordovician Period; Caradoc Series,Chronostratigraphy; Chronostratigraphy,https://github.com/NaturalHistoryMuseum/LudlowMuseumImgs/raw/master/G.04581.jpg,,
54591,G.04591,Brachiopod,Dalmanella horderleyensis; Cliftonia sp.; Broeggerolithus broeggeri,"Fossilised fragments of Ordovician brachiopods Dalmanella horderleyensis, Cliftonia sp. and the trilobite Broeggerolithus, in a course sandstone matrix. Found at Roadside Quarry, Horderley, Shropshire",unknown,Horderley; Craven Arms,SO410860,Ordovician Period; Caradoc Series,Chronostratigraphy; Chronostratigraphy,https://github.com/NaturalHistoryMuseum/LudlowMuseumImgs/raw/master/G.04591.jpg,52.46837552,-2.868610653
54593,G.04595,Brachiopod,Dalmanella horderleyensis,"Fossilised remains of the Ordovician brachiopods Dalmanella horderleyensis. Fragments aof shell and interan lmoulds of single valves in a course sandy matrix. Found at Horderley, Shropshire.","Lello, A.C.N.",Horderley,SO410860,Ordovician Period; Caradoc Series,Chronostratigraphy; Chronostratigraphy,https://github.com/NaturalHistoryMuseum/LudlowMuseumImgs/raw/master/G.04595.jpg,52.46837552,-2.868610653
54581,G.04604,Brachiopod,Dalmanella horderleyensis; Harknessella vespertilio,"Fossilised shell fragments of Orovician brachiopods Dalmanella Horderleyensis and Harknessella vespertilo found at Acton Scott, Shropshire.",unknown,Acton Scott Village,unknown,Ordovician Period; Caradoc Series,Chronostratigraphy; Chronostratigraphy,https://github.com/NaturalHistoryMuseum/LudlowMuseumImgs/raw/master/G.04604.jpg,,
54755,G.04651,Brachiopod,Heterorthis alternata,Fossilised valves of the Ordovician brachiopod Heterorthis alternata. Locality unknown.,"Racklyeft, J.",Unknown,unknown,Ordovician Period; Caradoc Series,Chronostratigraphy; Chronostratigraphy,https://github.com/NaturalHistoryMuseum/LudlowMuseumImgs/raw/master/G.04651.jpg,,
54938,G.04659,Brachiopod,Nicolella sp.; Harknessella vespertilio,"Fossilised remains; principally internal and external moulds of the Ordovician brachiopods Nicolella sp and Harknesella vespertilio. Found at Acton Scott, Shropshire.","Beesly, Mrs",Acton Scott Village,unknown,Ordovician Period; Caradoc Series,Chronostratigraphy; Chronostratigraphy,https://github.com/NaturalHistoryMuseum/LudlowMuseumImgs/raw/master/G.04659.jpg,,
54537,G.04740.001,Brachiopod,Sowerbyella sericea,"Fossilised shell fragments of Orivician brachiopod Sowerbyella sericea found at Pont Derwlwyn, Llanfyllin, Montgomeryshire. Counterpart to G.04740.002",unknown,Afon Cain; Pont Derwlwyn; montgomeryshire,SJ140190,Ordovician Period; Caradoc Series,Chronostratigraphy; Chronostratigraphy,https://github.com/NaturalHistoryMuseum/LudlowMuseumImgs/raw/master/G.04740.001.jpg,52.76141324,-3.274607508
54954,G.04788,Brachiopod,Kjaerina typa,Internal mould of a single valve of the Ordovician brachiopod Kjaerina typa. Found at Acton Scott.,"Beesly, Mrs",Acton Scott Village,unknown,Ordovician Period; Caradoc Series; Longvillian Substage,Chronostratigraphy; Chronostratigraphy; Chronostratigraphy,https://github.com/NaturalHistoryMuseum/LudlowMuseumImgs/raw/master/G.04788.jpg,,
54606,G.04864,Brachiopod,Dalmanella sp.; Brongniartella sp.,Fossilised shell fragments of Ordovician brachiopods Dalmanella sp. and Brongniartella found at Marshbrook Shropshire.,unknown,Marshbrook,unknown,Ordovician Period; Caradoc Series,Chronostratigraphy; Chronostratigraphy,https://github.com/NaturalHistoryMuseum/LudlowMuseumImgs/raw/master/G.04864.jpg,,
55984,G.04919,Graptolite,Monograptus priodon,"Fossil of Silurian graptolite, Monograptus priodon, preserved in fine-grained mudstone. Found near Burrington.","Baker, H.; Norton, W.J.",Sunken Road,SO440710,Silurian Period; Wenlock Series; Coalbrookdale Formation,Chronostratigraphy; Chronostratigraphy; Lithostratigraphy,https://github.com/NaturalHistoryMuseum/LudlowMuseumImgs/raw/master/G.04919.jpg,52.33383856,-2.821939209
53264,G.05900,Trilobite,Onnia superba,"Cephalon and other fragmentary remains of the Ordovician trilobite Onnia superba. Found near Craven Arms, Shropshire.","Stewart, N.F.; Stace, H.E.",Wistanstow,SO420850,Ordovician Period; Caradoc Series,Chronostratigraphy; Chronostratigraphy,https://github.com/NaturalHistoryMuseum/LudlowMuseumImgs/raw/master/G.05900.jpg,52.45949266,-2.853716289
655159,G.06502,Gastropod,Bellerophon perturbatus,"Numerous fossilised shells and moulds of the Ordovician gastropod Bellerophon perturbatus. Found near Vennington, Shrosphire.","Shuker, B.",Vennington,SO330090,Ordovician Period; Llanvirn Series; Mytton Flags Formation,Chronostratigraphy; Chronostratigraphy; Lithostratigraphy,https://github.com/NaturalHistoryMuseum/LudlowMuseumImgs/raw/master/G.06502.jpg,51.77520357,-2.971204769
54238,G.06504,Gastropod,Bellerophon perturbatus,Fossilised shells of Ordovician gastropod Bellerophon perturbatus.,"Shuker, B.","Shelve, Shropshire",unknown,Ordovician Period; Llanvirn Series; Mytton Flags Formation,Biostratigraphy; Biostratigraphy; Biostratigraphy,https://github.com/NaturalHistoryMuseum/LudlowMuseumImgs/raw/master/G.06504a.jpg,,
54256,G.06525,Gastropod,Bellerophon perturbatus,External moulds of the fossil Ordovician gastropod Bellerophon perturbatus.,"Shuker, B.",unknown,unknown,Ordovician Period; Llanvirn Series; Mytton Flags Formation,Chronostratigraphy; Chronostratigraphy; Lithostratigraphy,https://github.com/NaturalHistoryMuseum/LudlowMuseumImgs/raw/master/G.06525.jpg,,
56739,G.06543,Gastropod,Platyschisma helicites,Fossilised shell fragments of Ordovician gastropod Platyschisma helicities.,"Shuker, B.",shelve; Shropshire,unknown,Ordovician Period; Llanvirn Series,Chronostratigraphy; Chronostratigraphy,https://github.com/NaturalHistoryMuseum/LudlowMuseumImgs/raw/master/G.06543.jpg,,
50926,G.06544,Gastropod,Bellerophon perturbatus,Fossilised shell of Silurian gastropod Bellerophon perturbatus,"Shuker, B.",Unknown,unknown,Silurian Period; Mytton Flags Formation,Chronostratigraphy; Lithostratigraphy,https://github.com/NaturalHistoryMuseum/LudlowMuseumImgs/raw/master/G.06544.jpg,,
54262,G.06549,Gastropod,Bellerophon perturbatus,Fossilised shell fragments of Ordovician gastropod Bellerophon perturbatus.,"Shuker, B.","Shelve, Shropshire",unknown,Ordovician Period; Llanvirn Series; Mytton Flags Formation,Chronostratigraphy; Chronostratigraphy; Lithostratigraphy,https://github.com/NaturalHistoryMuseum/LudlowMuseumImgs/raw/master/G.06549.jpg,,
53533,G.06796,Trilobite,Cnemidopyge nuda; Ogygiocarella debuchi,"Slab containing the fossilised remains of the Ordovician trilobites, Cnemidopyge nuda and Ogygiocarella debuchi. Found nr Pen-y-bont, Radnorshire.","Woodhall, J.","Neuadd Farm, Pen-y-bont",unknown,Ordovician Period; Llandeilian Stage,Chronostratigraphy; Chronostratigraphy,https://github.com/NaturalHistoryMuseum/LudlowMuseumImgs/raw/master/G.06796a.jpg,,
50692,G.07022,Graptolite,Pristiograptus tumescens,"Fossilised fragments of the Silurian graptolite Pristiograptus tumescens. Found at Gorsty, near Ludlow","Norton, M.",Gorsty,SO470730,Silurian Period; Wenlock Series; Upper Elton Formation,Chronostratigraphy; Chronostratigraphy; Lithostratigraphy,https://github.com/NaturalHistoryMuseum/LudlowMuseumImgs/raw/master/G.07022a.jpg,52.35211742,-2.778226927
53531,G.07124,Trilobite,Ogygiocarella debuchii; Lloydolithus lloydi,"Small slab containing the remains of Ordovician trilobites. A near complete example of Ogygiocarella debuchi and the cephalon of Lloydolithus lloydi. Found near Betton, Shropshire.","Shuker, B.","Lower Farm, Betton",unknown,Ordovician Period; Llandeilian Stage; Rorrington Shale Formation,Chronostratigraphy; Chronostratigraphy; Lithostratigraphy,https://github.com/NaturalHistoryMuseum/LudlowMuseumImgs/raw/master/G.07124a.jpg,,
53435,G.07424,Trilobite,Broeggerolithus transiens,Medium-grained sandstone containing the fragmentary remains of the Ordovician trilobite Broeggerolithus transiens. The most complete piece being a cephalon with genal spine. The specimen also contains fragments of bryozoan and tentaculities. Found at Woolston.,"Wood, B.",Woolston,SO420870,Ordovician Period; Caradoc Series,Chronostratigraphy; Chronostratigraphy,https://github.com/NaturalHistoryMuseum/LudlowMuseumImgs/raw/master/G.07424.jpg,52.47747271,-2.854064263
53436,G.07425,Trilobite,Broeggerolithus transiens,Fossilised cephalon of the Ordovician trilobite Broeggerolithus transiens. Found at Woolston.,"Wood, B.",Woolston,SO420870,Ordovician Period; Caradoc Series,Chronostratigraphy; Chronostratigraphy,https://github.com/NaturalHistoryMuseum/LudlowMuseumImgs/raw/master/G.07425.jpg,52.47747271,-2.854064263
53441,G.07432,Trilobite,Broeggerolithus sp.,Fossilised remains of the cephalon of the Ordovician trilobite Broeggerolithus sp. Found at Woolston.,"Wood, B.",Woolston,SO420870,Ordovician Period; Caradoc Series,Chronostratigraphy; Chronostratigraphy,https://github.com/NaturalHistoryMuseum/LudlowMuseumImgs/raw/master/G.07432.jpg,52.47747271,-2.854064263
54978,G.07468,Brachiopod,Kjerulfina polycyma; Hedstroemina fragilis; Horderleyella cf plicata; Rhactorthis sp.; BRYOZOA; Brongniartella sp.,"Fossilised assemblage of Ordovician brachiopods, bryozoans, and trilobite fragments in a fine-grained sandy matrix. Found at Plaish.","Dolamore, L.",Plaish,unknown,Ordovician Period; Caradoc Series; Acton Scott Formation,Chronostratigraphy; Chronostratigraphy; Lithostratigraphy,https://github.com/NaturalHistoryMuseum/LudlowMuseumImgs/raw/master/G.07468.jpg,,
56246,G.07520,Graptolite,Pristiograptus sp.,"Fossilised fragment of a Silurian graptolite, Pristiograptus sp. Found at Aston Rogers.",Shropshire Geological Society,Aston Rogers,SJ340060,Silurian Period; Ludlow Series,Chronostratigraphy; Chronostratigraphy,https://github.com/NaturalHistoryMuseum/LudlowMuseumImgs/raw/master/G.07520.jpg,52.64736584,-2.97563137
53523,G.07860,Trilobite,Brongniartella sp.,"Fossilised remains comprising the pygidium of the Ordovician trilobite Broniartella sp. Found at Marshbrook, Shropshire.","Wood, B.",Marshbrook,unknown,Ordovician Period; Caradoc Series,Chronostratigraphy; Chronostratigraphy,https://github.com/NaturalHistoryMuseum/LudlowMuseumImgs/raw/master/G.07860.jpg,,
52400,G.08960,Graptolite,Pristiograptus tumescens,"Remains of Silurian fossil graptolite, Pristiograptus tumescens. Found in Mortimer Forest, near Ludlow.",Ludlow Grammar School,Mortimer Forest,SO490740,Silurian Period; Ludlow Series; Middle Elton Formation,Chronostratigraphy; Chronostratigraphy; Chronostratigraphy,https://github.com/NaturalHistoryMuseum/LudlowMuseumImgs/raw/master/G.08960a.jpg,52.36129759,-2.749014639
55976,G.08984,Graptolite,Monograptus priodon,Fossilised fragments of Silurian graptolites found in South Shropshire.,unknown,South Shropshire,unknown,Silurian Period; Wenlock Series; Coalbrookdale Formation,Chronostratigraphy; Chronostratigraphy; Lithostratigraphy,https://github.com/NaturalHistoryMuseum/LudlowMuseumImgs/raw/master/G.08984.jpg,,
53412,G.08996,Graptolite,Pristiograptus tumescens,"Fossilised fragments of the Silurian fossil graptolite Pristiograptus tumescens. Found in Mortimer Forest, near Ludlow.","Norton, W. J.",Mortimer Forest,SO490740,Silurian Period; Ludlow Series; Upper Elton Formation,Chronostratigraphy; Chronostratigraphy; Lithostratigraphy,https://github.com/NaturalHistoryMuseum/LudlowMuseumImgs/raw/master/G.08996a.jpg,52.36129759,-2.749014639
51461,G.09002,Graptolite,Pristiograptus tumescens,"Fossilised remains of the Silurian graptolite Pristiograptus tumescens. Found near Aston Pitch, Ludlow.","Norton, W. J.",Mortimer Forest,SO470720,Silurian Period; Ludlow Series; Upper Elton Formation,Chronostratigraphy; Chronostratigraphy; Lithostratigraphy,https://github.com/NaturalHistoryMuseum/LudlowMuseumImgs/raw/master/G.09002.jpg,52.34312704,-2.778069062
55989,G.09003.001,Graptolite,Colonograptus colonus,Fragmentary and more complete remains of the Silurian graptolite Colonograptus colonus. Found at Upper Millichope.,"Dalingwater, J. E.",Upper Millichope,SO520890,Silurian Period; Ludlow Series; Middle Elton Formation,Chronostratigraphy; Chronostratigraphy; Lithostratigraphy,https://github.com/NaturalHistoryMuseum/LudlowMuseumImgs/raw/master/G.09003.001.jpg,52.49642463,-2.707113549
55990,G.09003.002,Graptolite,Colonograptus colonus,Fragmentary and more complete remains of the Silurian graptolite Colonograptus colonus. Found at Upper Millichope.,"Dalingwater, J. E.",Upper Millichope,SO520890,Silurian Period; Ludlow Series; Middle Elton Formation,Chronostratigraphy; Chronostratigraphy; Lithostratigraphy,https://github.com/NaturalHistoryMuseum/LudlowMuseumImgs/raw/master/G.09003.002.jpg,52.49642463,-2.707113549
56272,G.09045,Graptolite,Pristiograptus tumescens,"Fossilised fragments of the Silurian graptolite Pristiograptus tumescens. Found at High Vinnals, near Ludlow.","Pound, G.; Norton, John",High Vinnalls; Mortimer Forest,SO470720,Silurian Period; Ludlow Series; Middle Elton Formation,Chronostratigraphy; Chronostratigraphy; Lithostratigraphy,https://github.com/NaturalHistoryMuseum/LudlowMuseumImgs/raw/master/G.09045a.jpg,52.34312704,-2.778069062
50628,G.09048,Graptolite,Pristiograptus sp.,Fossilised fragments of the Silurian graptolite Pristiograptus sp. Found at Church Hill near Leintwardine.,"Smith, R.",Church Hill,SO410730,Silurian Period; Ludlow Series; Lower Leintwardine Formation,Chronostratigraphy; Chronostratigraphy; Lithostratigraphy,https://github.com/NaturalHistoryMuseum/LudlowMuseumImgs/raw/master/G.09048.jpg,52.35150444,-2.866317715
55878,G.09061,Graptolite,Pristiograptus sp.,Fossilised fragments of the Silurian graptolite Monograptus sp. Specimen also contains fragments of orthocone cephalopods. Found at Nant Prophwyd.,"Shephard, H. H.",Nant Prophwyd,SO020550,Silurian Period; Wenlock Series,Chronostratigraphy; Chronostratigraphy,https://github.com/NaturalHistoryMuseum/LudlowMuseumImgs/raw/master/G.09061.jpg,52.18412679,-3.433582822
55999,G.09069,Graptolite,Monograptus flemingii,Fossilised remains of the Silurian graptolite Monograptus flemingii. Found at Builth Wells.,"Shephard, H. H.",Builth Wells,SO030510,Silurian Period,Chronostratigraphy,https://github.com/NaturalHistoryMuseum/LudlowMuseumImgs/raw/master/G.09069.jpg,52.14834867,-3.417815868
50661,G.09071,Graptolite,Monograptus priodon,"Fossilised fragments of the Silurian graptolite Monograptus priodon. Found at Cilmery, Powis.","Shephard, H. H.",Cilmery; Powys,unknown,Silurian Period; Wenlock Series,Chronostratigraphy; Chronostratigraphy,https://github.com/NaturalHistoryMuseum/LudlowMuseumImgs/raw/master/G.09071.jpg,,
55876,G.09085,Graptolite,Monograptus sp.,Fossilised fragments of the Silurian graptolite Monograptus sp. Found at Guilsfield.,"Richards, Mrs",Guilsfield,SJ210110,Silurian Period,Chronostratigraphy,https://github.com/NaturalHistoryMuseum/LudlowMuseumImgs/raw/master/G.09085.jpg,52.69057237,-3.168960198
56475,G.09100,Graptolite,Pristiograptus tumescens,"Fossilised fragment of Silurian graptolite Pristiograptus tumescens. Found at High Vinnals, near Ludlow.","Norton, W. J.",High Vinnalls; Mortimer Forest,SO470720,Silurian Period; Ludlow Series; Middle Elton Formation,Chronostratigraphy; Chronostratigraphy; Lithostratigraphy,https://github.com/NaturalHistoryMuseum/LudlowMuseumImgs/raw/master/G.09100.jpg,52.34312704,-2.778069062
56507,G.09103,Graptolite,Neodiversograptus nilssoni,"Fossilised fragments of the Silurian graptolites Neodiversograptus nilsoni and Monograptus sp. Found in Mortimer's Forest, near Ludlow.","Evans, Mrs",Mortimer Forest,SO490740,Silurian Period; Ludlow Series; Middle Elton Formation,Chronostratigraphy; Chronostratigraphy; Lithostratigraphy,https://github.com/NaturalHistoryMuseum/LudlowMuseumImgs/raw/master/G.09103.jpg,52.36129759,-2.749014639
55986,G.09104,Graptolite,Monograptus priodon,Fossilised fragment of the Silurian graptolite Monograptus priodon. Found at Burrington.,Birmingham University Extra Mural Department,Sunken Road; Burrington,SO440710,Silurian Period; Wenlock Series; Coalbrookdale Formation,Chronostratigraphy; Chronostratigraphy; Lithostratigraphy,https://github.com/NaturalHistoryMuseum/LudlowMuseumImgs/raw/master/G.09104a.jpg,52.33383856,-2.821939209
56490,G.09105,Graptolite,Neodiversograptus nilssoni,Fossilised fragments of the Silurian graptolite Neodiversograptus nilsoni. Found at Mortimer's Forest.,unknown,Mortimer Forest,SO480740,Silurian Period; Ludlow Series; Middle Elton Formation,Chronostratigraphy; Chronostratigraphy; Lithostratigraphy,https://github.com/NaturalHistoryMuseum/LudlowMuseumImgs/raw/master/G.09105.jpg,52.3612036,-2.763699798
56457,G.09109.002,Graptolite,Pristiograptus sp.,Fossilised remains of the Silurian graptolite Pristiograptus sp. Found at Burrington.,"Baker, H.",Burrington,SO440710,Silurian Period; Wenlock Series; Coalbrookdale Formation,Chronostratigraphy; Chronostratigraphy; Lithostratigraphy,https://github.com/NaturalHistoryMuseum/LudlowMuseumImgs/raw/master/G.09109.002a.jpg,52.33383856,-2.821939209
50698,G.09124,Graptolite; Brachiopod,Saetograptus leintwardinensis; Leptaena depressa,"Fragmentary remains of the Silurian graptolite Saetograptus leintwardinensis. Sample also contains brachiopod valves. Found at Church Hill, near Leintwardine.","Norton, M.",Church Hill,SO410730,Silurian Period; Ludlow Series; Lower Leintwardine Formation,Chronostratigraphy; Chronostratigraphy; Lithostratigraphy,https://github.com/NaturalHistoryMuseum/LudlowMuseumImgs/raw/master/G.09124.jpg,52.35150444,-2.866317715
50629,G.09132,Graptolite,Saetograptus leintwardinensis,"Fossilised fragments of the Silurian graptolite Saetograptus leintwardinensis. Found at Church Hill, near Leintwardine.","Norton, Mark",Church Hill,SO410730,Silurian Period; Ludlow Series; Lower Leintwardine Formation,Chronostratigraphy; Chronostratigraphy; Lithostratigraphy,https://github.com/NaturalHistoryMuseum/LudlowMuseumImgs/raw/master/G.09132b.jpg,52.35150444,-2.866317715
56325,G.09133,Graptolite,Saetograptus leintwardinensis,"Fossilised remains of numerous Saetograptus leintwardinensis, a Silurian graptolite. Found at Church Hill, near Leintwardine.","Norton, M.",Church Hill,SO410730,Silurian Period; Ludlow Series; Lower Leintwardine Formation,Chronostratigraphy; Chronostratigraphy; Lithostratigraphy,https://github.com/NaturalHistoryMuseum/LudlowMuseumImgs/raw/master/G.09133.jpg,52.35150444,-2.866317715
56489,G.09164,Graptolite,Neodiversograptus nilssoni,"Fossilised fragments of Silurian graptolites, Neodiversograptus nilssoni.","Shephard, H. H.",Cilmery; Builth Wells,unknown,Silurian Period; Ludlow Series; Middle Elton Formation,Chronostratigraphy; Chronostratigraphy; Lithostratigraphy,https://github.com/NaturalHistoryMuseum/LudlowMuseumImgs/raw/master/G.09164.jpg,,
56256,G.09183,Graptolite,Monograptus lobiferus,Fossilised fragments of the Silurian graptolite Monograptus lobiferus. Found in Lake district.,"Smith, R.",Lake District; Cumbria,unknown,Silurian Period; Llandovery Series,Chronostratigraphy; Chronostratigraphy,https://github.com/NaturalHistoryMuseum/LudlowMuseumImgs/raw/master/G.09183.jpg,,
54881,G.09401,Brachiopod,Lingulella sp.,Single valve of the Ordovician brachiopod Lingulella sp.,unknown,Hillside,unknown,Ordovician Period; Llandeilian Stage,Chronostratigraphy; Chronostratigraphy,https://github.com/NaturalHistoryMuseum/LudlowMuseumImgs/raw/master/G.09401.jpg,,
56740,G.09483,Gastropod,Platyschisma helicites,"Fossilised fragments of Silurian gastropods, Platyschisma helicites. South Shropshire.",unknown,South Shropshire,unknown,Silurian Period; Pridoli Series,Chronostratigraphy; Chronostratigraphy,https://github.com/NaturalHistoryMuseum/LudlowMuseumImgs/raw/master/G.09483.jpg,,
48076,G.10271,Graptolite,Pristiograptus tumescens,"Large sample of upper Elton formation siltstone, containing numerous fossil graptolites, Pristiograptus tumescens. Found in Mortimer Forest, near Ludlow.","Williams, M.",The Goggin,SO470710,Silurian Period; Ludlow Series; Upper Elton Formation,Chronostratigraphy; Chronostratigraphy; Chronostratigraphy,https://github.com/NaturalHistoryMuseum/LudlowMuseumImgs/raw/master/G.10271a.jpg,52.33413665,-2.777911279
50916,G.10461,Trilobite,Onnia superba,Cephalon of the Ordovician trilobite Onnia superba. Found beside river Onny at Wistanstow.,"Ellis, R.A.","River Onny, Wistanstow",unknown,Ordovician Period; Caradoc Series,Chronostratigraphy; Chronostratigraphy,https://github.com/NaturalHistoryMuseum/LudlowMuseumImgs/raw/master/G.10461.jpg,,
52619,G.10591,Trilobite,Ampyx linleyensis,"Fossilised remains of Ordovician trilobolite Ampyx linleyensis found at Shelve Inlier, Shropshire.","Cox, Andy",Shelve Inlier; Shropshire,unknown,Ordovician Period; Stapeley Volcanic Member,Chronostratigraphy; Lithostratigraphy,https://github.com/NaturalHistoryMuseum/LudlowMuseumImgs/raw/master/G.10591a.jpg,,
52650,G.11274,Trilobite,Barrandia homfrayi,"Fossilised remains of Ordovician trilobite Barrandia homfrayi found at the Shelve Inlier, Shropshire.","Cox, Andy",Shelve Inlier; Shropshire,unknown,Ordovician Period; Llanvirn Series; Hope Shale Formation,Chronostratigraphy; Chronostratigraphy; Lithostratigraphy,https://github.com/NaturalHistoryMuseum/LudlowMuseumImgs/raw/master/G.11274.jpg,,
52647,G.11976,Trilobite,Ampyx linleyensis,"Fossilised remains of Ordovician trilobite Ampyx inleyensis found at the Shelve Inlier, Shropshire.","Cox, Andy",Shelve Inlier; Shropshire,unknown,Ordovician Period; Llanvirn Series; Hope Shale Formation,Chronostratigraphy; Chronostratigraphy; Lithostratigraphy,https://github.com/NaturalHistoryMuseum/LudlowMuseumImgs/raw/master/G.11976.jpg,,
52671,G.11989,Gastropod,Acroculia prototypa,"Fossilised shell of Silurian gastropod Acroculia prototypa found at Wrens Nest, Dudley.","Phillips, N.M.",Wren's Nest; Dudley,unknown,Silurian Period; Wenlock Series; Much Wenlock Limestone Formation,Chronostratigraphy; Chronostratigraphy; Lithostratigraphy,https://github.com/NaturalHistoryMuseum/LudlowMuseumImgs/raw/master/G.11989a.jpg,,
52670,G.11990,Gastropod,Loxonema gregaria,"Fossilised shell of Silurian gastropod Loxonema gregaria found at Stokesay, Shropshire.",unknown,Stokesay; Shropshire,unknown,Silurian Period; Ludlow Series; Elton Formation,Chronostratigraphy; Chronostratigraphy; Lithostratigraphy,https://github.com/NaturalHistoryMuseum/LudlowMuseumImgs/raw/master/G.11990a.jpg,,
55997,G.12000,Graptolite,Monograptus priodon,Fossilised remains of the Silurian graptolite Monograptus priodon.,"Phillips, N.M.",Unknown,unknown,Silurian Period; Coalbrookdale Formation,Chronostratigraphy; Lithostratigraphy,https://github.com/NaturalHistoryMuseum/LudlowMuseumImgs/raw/master/G.12000.jpg,,
52678,G.12017,Graptolite,Pristiograptus sp.,Fossilised fragments of Silurian graptolites contained in a water worn nodule. Found in Ludlow area.,Pupils & Staff of Bromfield School,Ludlow Town,SO500750,Silurian Period; Ludlow Series,Chronostratigraphy; Chronostratigraphy; Biostratigraphy,https://github.com/NaturalHistoryMuseum/LudlowMuseumImgs/raw/master/G.12017b.jpg,52.37038019,-2.734478489
53417,G.12644,Graptolite,Pristiograptus sp.,"Silurian fossil graptolite, Pristiograptus sp. Collected at Leintwardine.","Smith, R. D. A.",Leintwardine,unknown,Silurian Period; Ludlow Series; Middle Elton Formation,Chronostratigraphy; Chronostratigraphy; Lithostratigraphy,https://github.com/NaturalHistoryMuseum/LudlowMuseumImgs/raw/master/G.12644a.jpg,,
56409,G.12855,Graptolite,Pristiograptus sp.,"Fossilised remains of the Silurian graptolite Pristiograptus sp. Found in Mortimer Forest, near Ludlow.","Norton, W.J.",Mortimer Forest,SO470720,Silurian Period; Ludlow Series; Middle Elton Formation,Chronostratigraphy; Chronostratigraphy; Lithostratigraphy,https://github.com/NaturalHistoryMuseum/LudlowMuseumImgs/raw/master/G.12855a.jpg,52.34312704,-2.778069062
56343,G.12856,Graptolite,Monograptus sp.,"Fragmentary remains of numerous Monograptid graptolites. The reverse of the slab shows a bedding plane with numerous Lingula lewisi brachiopods as well. Found at Rowton, near Craven Arms.","Johnston, P.L.",Rowton,SO410790,Silurian Period,Chronostratigraphy,https://github.com/NaturalHistoryMuseum/LudlowMuseumImgs/raw/master/G.12856a.jpg,52.40544523,-2.867374041
54213,G.13451,Gastropod; Trilobite,Sinuites sp.; Flexicalymene sp.,"Fossilised shell of Ordovician gastropod Sinuites sp. found at Acton Scott, Shropshire.","Rowlands, M.; Norton, J.",Acton Scott Village,unknown,Ordovician Period; Caradoc Series,Chronostratigraphy; Chronostratigraphy,https://github.com/NaturalHistoryMuseum/LudlowMuseumImgs/raw/master/G.13451.jpg,,
54217,G.13455,Gastropod,Sinuites sp.,"Fossilised shell remains of Ordovician gastropod Sinuites sp. found at Lower Wood Brook, Meadowtown, Shropshire.",Birmingham University Extra Mural Department,Lower Wood Brook; Meadowtown; Shropshire,unknown,Ordovician Period; Llandeilian Stage,Chronostratigraphy; Chronostratigraphy,https://github.com/NaturalHistoryMuseum/LudlowMuseumImgs/raw/master/G.13455.jpg,,
54418,G.13561,Brachiopod,Strophomena grandis,Single valve of the Ordovician brachiopod Stophonema grandis. Found at Marshbrook.,"Norton, W.J.",Marshbrook,unknown,Ordovician Period; Caradoc Series,Chronostratigraphy; Chronostratigraphy,https://github.com/NaturalHistoryMuseum/LudlowMuseumImgs/raw/master/G.13561.jpg,,
54425,G.13568,Brachiopod,Strophomena grandis,Single valve of the Ordovician brachiopod Strophonema grandis. Found at Marshbrook.,"Wood, B.",Marshbrook,unknown,Ordovician Period; Caradoc Series,Chronostratigraphy; Chronostratigraphy,https://github.com/NaturalHistoryMuseum/LudlowMuseumImgs/raw/master/G.13568.jpg,,
54431,G.13574,Brachiopod,Strophomena grandis,Single valve of the Ordovician brachiopod Stophonema grandis. Found at Marshbrook.,"Wood, B.",Marshbrook,unknown,Ordovician Period; Caradoc Series,Chronostratigraphy; Chronostratigraphy,https://github.com/NaturalHistoryMuseum/LudlowMuseumImgs/raw/master/G.13574.jpg,,
54436,G.13579,Brachiopod,Strophomena grandis,Fossilised remains of two separate valves of the Ordovician brachiopod Strophonema grandis. Found near Marshbrook.,unknown,Marshbrook,unknown,Ordovician Period; Caradoc Series,Chronostratigraphy; Chronostratigraphy,https://github.com/NaturalHistoryMuseum/LudlowMuseumImgs/raw/master/G.13579a.jpg,,
54447,G.13590,Brachiopod,Strophomena grandis,Fossilised remains of the Ordovician brachiopod Strophonema grandis,"Wood, B.",Marshbrook,unknown,Ordovician Period; Caradoc Series,Chronostratigraphy; Chronostratigraphy,https://github.com/NaturalHistoryMuseum/LudlowMuseumImgs/raw/master/G.13590.jpg,,
54454,G.13597,Brachiopod,Strophomena grandis,Fossilised remains of a single valve of the Ordovician brachiopod Strophonema grandis. Found at Marshbrook.,"Wood, B.",Marshbrook,unknown,Ordovician Period; Caradoc Series,Biostratigraphy; Biostratigraphy,https://github.com/NaturalHistoryMuseum/LudlowMuseumImgs/raw/master/G.13597.jpg,,
54484,G.13626,Brachiopod,Strophomena grandis,Internal mould of ventral valve of the Ordovician brachiopod Strophonema grandis. Also preserved are fragmentary remains of bryozoa and Tentaculites. Found at Marshbrook.,"Norton, W.J.",Marshbrook,unknown,Ordovician Period; Caradoc Series,Biostratigraphy; Biostratigraphy,https://github.com/NaturalHistoryMuseum/LudlowMuseumImgs/raw/master/G.13626.jpg,,
54486,G.13628,Brachiopod,Strophomena grandis,Fossilised remains of a single valve of the Ordovician brachiopod Strophomena grandis. Found at Marshbook.,"Norton, W.J.",Marshbrook,unknown,Ordovician Period; Caradoc Series,Chronostratigraphy; Chronostratigraphy,https://github.com/NaturalHistoryMuseum/LudlowMuseumImgs/raw/master/G.13628a.jpg,,
54516,G.13638,Brachiopod,Sowerbyella sericea,"Fossilised remains of the Ordovician brachiopods Sowerbyella sericea. Preserved in course sandy sediment, mostly as casts and moulds with no original shell. Found near Craven Arms.","Shulver, I.",Whittingslow; Craven Arms,unknown,Ordovician Period; Caradoc Series; Chatwall Sandstone,Chronostratigraphy; Chronostratigraphy; Lithostratigraphy,https://github.com/NaturalHistoryMuseum/LudlowMuseumImgs/raw/master/G.13638.jpg,,
54517,G.13639,Brachiopod,Sowerbyella sericea,"Fossilised remains of the Ordovician brachiopods Sowerbyella sericea. Preserved in course sandy sediment, mostly as casts and moulds with no original shell. Found near Craven Arms.",unknown,Whittingslow; Craven Arms,unknown,Ordovician Period; Caradoc Series; Chatwall Sandstone,Chronostratigraphy; Chronostratigraphy; Lithostratigraphy,https://github.com/NaturalHistoryMuseum/LudlowMuseumImgs/raw/master/G.13639.jpg,,
54530,G.13651,Brachiopod,Sowerbyella sericea; Dalmanella horderleyensis,Fossilised remains of the Ordovician brachiopods Sowerbyella sericea and Dalmanella horderleyensis. Preserved as internal and external moulds of disarticulated valves. Found at Horderley.,"Baker, Harry",Horderley,SO410860,Ordovician Period; Caradoc Series,Chronostratigraphy; Chronostratigraphy,https://github.com/NaturalHistoryMuseum/LudlowMuseumImgs/raw/master/G.13651.jpg,52.46837552,-2.868610653
54564,G.13659,Brachiopod,Dalmanella sp.; Heterorthis alternata; Harknessella sp.; Sowerbyella sericea,"Assemblage of Ordovician brachiopods including Dalmanella sp, Heterorthis alternata, Harknessella sp. and Sowerbyella sericea. Found at Soudley.","Norton, W.J.",Soudley Quarry,SO470910,Ordovician Period; Caradoc Series,Chronostratigraphy; Chronostratigraphy,https://github.com/NaturalHistoryMuseum/LudlowMuseumImgs/raw/master/G.13659.jpg,52.51394185,-2.781082788
54565,G.13660,Brachiopod; Trilobite,Dalmanella sp.; Heterorthis alternata; Harknessella sp.; Sowerbyella sericea; Trinucleus sp.; Brongniartella sp.,"Assemblage of Ordovician brachiopods including Dalmanella sp, Heterorthis alternata, Harknessella sp. and Sowerbyella sericea. Also present are fragments of trilobites including Trinucleus sp. Found at Soudley.","Norton, W.J.",Soudley Quarry,SO470910,Ordovician Period; Caradoc Series,Biostratigraphy; Biostratigraphy,https://github.com/NaturalHistoryMuseum/LudlowMuseumImgs/raw/master/G.13660a.jpg,52.51394185,-2.781082788
54607,G.13675,Brachiopod; Trilobite,Dalmanella sp.; Brongniartella sp.; Tentaculites anglicus,"Fossilised reains of Ordovician brachiopods Dalmanella sp. and trilobites Tentaculites angelicus and Brongniartella sp. found at Chatwall, Shropshire.","Wood, B.J.",Chatwall; Shropshire,unknown,Ordovician Period; Caradoc Series,Chronostratigraphy; Chronostratigraphy,https://github.com/NaturalHistoryMuseum/LudlowMuseumImgs/raw/master/G.13675.jpg,,
54620,G.13683,Brachiopod,Dalmanella sp.,Fossilised remains of a single valve of the Ordovician brachiopod Dalmanella sp.,"Wood, B.",Marshbrook,unknown,Ordovician Period; Caradoc Series,Chronostratigraphy; Chronostratigraphy,https://github.com/NaturalHistoryMuseum/LudlowMuseumImgs/raw/master/G.13683.jpg,,
54622,G.13685,Brachiopod,Dalmanella sp.,Internal mould of Ordovician brachiopod Dalmanella sp. Found at Marshbrook.,"Wood, B.",Marshbrook,unknown,Ordovician Period; Caradoc Series,Chronostratigraphy; Chronostratigraphy,https://github.com/NaturalHistoryMuseum/LudlowMuseumImgs/raw/master/G.13685.jpg,,
54634,G.13697,Brachiopod,Dalmanella sp.,Assemblage of fossils including the Ordovician brachiopod Dalmanella sp. Also includes tentaculites and remains of bryozoa.,"Wood, B.",Marshbrook,unknown,Ordovician Period; Caradoc Series,Chronostratigraphy; Chronostratigraphy,https://github.com/NaturalHistoryMuseum/LudlowMuseumImgs/raw/master/G.13697.jpg,,
54655,G.13715,Brachiopod,Dalmanella sp.,"Assemblage of Ordovician fossils including the brachiopod Dalmanella sp. Also tentaculites, and trilobite fragments. Found in Church Stretton parish area.",unknown,CHURCH STRETTON PARISH,unknown,Ordovician Period; Caradoc Series,Chronostratigraphy; Chronostratigraphy,https://github.com/NaturalHistoryMuseum/LudlowMuseumImgs/raw/master/G.13715.jpg,,
54656,G.13716,Brachiopod,Dalmanella sp.,Internal mould of a single valve of the Ordovician brachiopod Dalmanella sp. Found at Minton.,"Stace, H.E.","Minton, Shropshire",unknown,Ordovician Period; Caradoc Series; Cheney Longville Formation,Chronostratigraphy; Chronostratigraphy; Lithostratigraphy,https://github.com/NaturalHistoryMuseum/LudlowMuseumImgs/raw/master/G.13716.jpg,,
54657,G.13717,Brachiopod,Dalmanella sp.,Mould of a single valve of the Ordovician brachiopod Dalmanella sp. Found at Minton.,"Stace, H.E.","Minton, Shropshire",unknown,Ordovician Period; Caradoc Series; Cheney Longville Formation,Chronostratigraphy; Chronostratigraphy; Lithostratigraphy,https://github.com/NaturalHistoryMuseum/LudlowMuseumImgs/raw/master/G.13717.jpg,,
54661,G.13721,Brachiopod,Dalmanella sp.,Internal mould of the Ordovician brachiopod Dalmanella sp. Found at Acton Scott Quarry.,"Rowlands, M.",Acton Scott Quarry,unknown,Ordovician Period; Caradoc Series,Chronostratigraphy; Chronostratigraphy,https://github.com/NaturalHistoryMuseum/LudlowMuseumImgs/raw/master/G.13721.jpg,,
54694,G.13767,Brachiopod,Dalmanella unguis,Fossilised assemblage of the Ordovician brachiopod Dalmanella sp. Single valves preserved mostly as external moulds. Specimen also contains tentaculites.,unknown,Craven Arms District,unknown,Ordovician Period; Caradoc Series,Chronostratigraphy; Chronostratigraphy,https://github.com/NaturalHistoryMuseum/LudlowMuseumImgs/raw/master/G.13767.jpg,,
54727,G.13786,Brachiopod,Reuschella horderleyensis,Fossilised remains of the Ordovician brachiopod Reuschella horderleyensis. Found at Soudley.,"Wood, B.",Soudley,unknown,Ordovician Period; Caradoc Series; Alternata Limestone,Chronostratigraphy; Chronostratigraphy; Lithostratigraphy,https://github.com/NaturalHistoryMuseum/LudlowMuseumImgs/raw/master/G.13786.jpg,,
54736,G.13793,Brachiopod,Heterorthis alternata,Fossilised impressions of the valves of the Ordovician brachiopods Heterorthis sp. and Sowerbyella sericea. Found near Soudley.,"Stace, H.E.",Soudley,SO490950,Ordovician Period; Caradoc Series; Chatwall Sandstone,Chronostratigraphy; Chronostratigraphy; Lithostratigraphy,https://github.com/NaturalHistoryMuseum/LudlowMuseumImgs/raw/master/G.13793.jpg,52.55009331,-2.752225027
54744,G.13799,Brachiopod,Heterorthis alternata; Nicolella actoniae,Fossilised remains of the Ordovician brachiopods Heterorthis alternata and Nicolella actoniae. Found at Cardington.,unknown,Cardington,unknown,Ordovician Period; Caradoc Series,Chronostratigraphy; Chronostratigraphy,https://github.com/NaturalHistoryMuseum/LudlowMuseumImgs/raw/master/G.13799.jpg,,
54757,G.13801,Brachiopod,Heterorthis alternata,Fossilised remains of a single valve of the Ordovician brachiopod Heterorthis alternata.,unknown,Soudley Quarry,SO470910,Ordovician Period; Caradoc Series,Chronostratigraphy; Chronostratigraphy,https://github.com/NaturalHistoryMuseum/LudlowMuseumImgs/raw/master/G.13801.jpg,52.51394185,-2.781082788
54783,G.13812,Brachiopod,Heterorthis alternata; Dalmanella sp.; Sowerbyella sericea,"Fossilised remains of the Ordovician brachiopods Heterorthis alternata, Dalmanella sp and Sowerbyella sericea. Found at Soudley.","Norton, W.J.",Soudley,unknown,Ordovician Period; Caradoc Series,Chronostratigraphy; Chronostratigraphy,https://github.com/NaturalHistoryMuseum/LudlowMuseumImgs/raw/master/G.13812.jpg,,
54786,G.13815,Brachiopod,Heterorthis alternata,Internal mould of the Ordovician brachiopod Heterorthis alternata,"Wood, B.",Marshbrook,unknown,Ordovician Period; Caradoc Series,Chronostratigraphy; Chronostratigraphy,https://github.com/NaturalHistoryMuseum/LudlowMuseumImgs/raw/master/G.13815.jpg,,
54788,G.13817,Brachiopod,Heterorthis alternata; Dalmanella sp.,Fossilised remains of the Ordovician brachiopods Heterothis alternata and Dalmanella sp. Found at Marshbrook.,unknown,Marshbrook,unknown,Ordovician Period; Caradoc Series,Chronostratigraphy; Chronostratigraphy,https://github.com/NaturalHistoryMuseum/LudlowMuseumImgs/raw/master/G.13817.jpg,,
54793,G.13820,Brachiopod,Heterorthis retrorsistria,Fossilised remains of the Ordovician brachiopod Heterorthis retrorsistria. Found at Soudley.,"Wood, B.",Soudley,unknown,Ordovician Period; Caradoc Series,Chronostratigraphy; Chronostratigraphy,https://github.com/NaturalHistoryMuseum/LudlowMuseumImgs/raw/master/G.13820.jpg,,
54807,G.13828,Brachiopod,Orthis elegantula; Orthis vespertilio,Parts of Ordovician brachiopods,unknown,Onny River,unknown,Ordovician Period,Chronostratigraphy,https://github.com/NaturalHistoryMuseum/LudlowMuseumImgs/raw/master/G.13828.jpg,,
54814,G.13830,Brachiopod,Harknessella vespertilio,Fossilised remains of the Ordovician brachiopod Harknessella vespertilio. Found at Cardington.,unknown,Cardington,unknown,Ordovician Period; Caradoc Series,Chronostratigraphy; Chronostratigraphy,https://github.com/NaturalHistoryMuseum/LudlowMuseumImgs/raw/master/G.13830.jpg,,
54816,G.13832,Brachiopod,Harknessella vespertilio,Fossil remains of the Ordovician brachiopod Harknessella vespertilio. Found at Marshbrook.,"Wood, B.",Marshbrook,unknown,Ordovician Period; Caradoc Series,Chronostratigraphy; Chronostratigraphy,https://github.com/NaturalHistoryMuseum/LudlowMuseumImgs/raw/master/G.13832.jpg,,
54830,G.13837,Brachiopod,Harknessella subquadrata,Fossilised remains of the Ordovician brachiopod Harnessella subquadrata. Found at Harnage Grange.,"Stewart, N. F.",Harnage Grange,SJ560010,Ordovician Period; Caradoc Series,Chronostratigraphy; Chronostratigraphy,https://github.com/NaturalHistoryMuseum/LudlowMuseumImgs/raw/master/G.13837.jpg,52.60464594,-2.649783281
54840,G.13847,Brachiopod,Harknessella sp.,Fossilised remains of the Ordovician brachiopod Harknessella sp. Found at Marshbrook.,"Wood, B.",Marshbrook,unknown,Ordovician Period; Caradoc Series; Acton Scott Formation,Chronostratigraphy; Chronostratigraphy; Lithostratigraphy,https://github.com/NaturalHistoryMuseum/LudlowMuseumImgs/raw/master/G.13847.jpg,,
54845,G.13852,Brachiopod,Harknessella vespertilio; Kjerulfina polycyma; Nicolella actoniae,"Fossilised remains of an assemblage of Ordovician brachiopods including Kjerulfina polycyma, Harknessella vespertilio, and Nicolella actoniae. Specimens preserved as internal and external moulds only. Found in Church Stretton area.",unknown,CHURCH STRETTON PARISH,unknown,Ordovician Period; Caradoc Series; Acton Scott Formation,Chronostratigraphy; Chronostratigraphy; Lithostratigraphy,https://github.com/NaturalHistoryMuseum/LudlowMuseumImgs/raw/master/G.13852.jpg,,
54851,G.13858,Brachiopod,Macrocoelia expansa; Sowerbyella sericea,Internal moulds of single valves of Ordovician brachiopods Macrocoelia expansa and Sowerbyella sericea. Found at Soudley.,"Wood, B.",Soudley,unknown,Ordovician Period; Caradoc Series,Chronostratigraphy; Chronostratigraphy,https://github.com/NaturalHistoryMuseum/LudlowMuseumImgs/raw/master/G.13858.jpg,,
54852,G.13859,Brachiopod; Crinoid,Macrocoelia expansa; Glyptocrinus sp.,"Single valve of the Ordovician brachiopod Macrocoelia expansa, preserved as an internal mould. Also includes numerous ossicles of Glytptocrinus sp. Found at Chatwall.","Wood, B.",Chatwall,unknown,Ordovician Period; Caradoc Series,Chronostratigraphy; Chronostratigraphy,https://github.com/NaturalHistoryMuseum/LudlowMuseumImgs/raw/master/G.13859.jpg,,
54854,G.13861,Brachiopod,Macrocoelia expansa,Fossilised remains of the Ordovician brachiopod Macrocoelia expansa. Preserved as external mould of dissarticulated valve. Found at Soudley quarry.,"Norton, W.J.",Soudley Quarry,SO470910,Ordovician Period; Caradoc Series,Chronostratigraphy; Chronostratigraphy,https://github.com/NaturalHistoryMuseum/LudlowMuseumImgs/raw/master/G.13861.jpg,52.51394185,-2.781082788
54860,G.13864,Brachiopod,Macrocoelia expansa,Single fragmented valves of the Ordovician brachiopod Macrocoelia expansa. Preserved as original shell material. Found in Marshbook area.,"Hay, T.",Marshbrook,unknown,Ordovician Period; Caradoc Series,Chronostratigraphy; Chronostratigraphy,https://github.com/NaturalHistoryMuseum/LudlowMuseumImgs/raw/master/G.13864.jpg,,
54864,G.13868,Brachiopod,Macrocoelia expansa,Fossilised remains of the Ordovician brachiopod Macrocoelia expansa. Preserved as an internal mould.  Found at Marshbrook.,"Wood, B.",Marshbrook,unknown,Ordovician Period; Caradoc Series,Chronostratigraphy; Chronostratigraphy,https://github.com/NaturalHistoryMuseum/LudlowMuseumImgs/raw/master/G.13868.jpg,,
54865,G.13869,Brachiopod,Macrocoelia expansa,Fossilised remains of the Ordovician brachiopod Macrocoelia expansa. Preserved as internal mould of single complete valve and numerous fragments as well as bryozoa. Found at Soudley.,unknown,Soudley,unknown,Ordovician Period; Caradoc Series,Chronostratigraphy; Chronostratigraphy,https://github.com/NaturalHistoryMuseum/LudlowMuseumImgs/raw/master/G.13869a.jpg,,
54867,G.13871,Brachiopod,Dinorthis sp.,"Fossilised assemblage of the Ordovician brachiopod, Dinorthis sp. Preserved as both internal and external moulds of disarticulated valves. Specimen also includes Tentaculites sp. Found at Ticklerton.","Stace, H. E.",Ticklerton,unknown,Ordovician Period; Caradoc Series; Acton Scott Formation,Chronostratigraphy; Chronostratigraphy; Lithostratigraphy,https://github.com/NaturalHistoryMuseum/LudlowMuseumImgs/raw/master/G.13871.jpg,,
54868,G.13872,Brachiopod,Dinorthis sp.,Fossilised remains of the Ordovician brachiopod Dinorthis sp. Preserved as internal mould of single valve. Also present is fragment of trilobite. Found at Soudley.,"Wood, B.",Soudley,unknown,Ordovician Period; Caradoc Series,Chronostratigraphy; Chronostratigraphy,https://github.com/NaturalHistoryMuseum/LudlowMuseumImgs/raw/master/G.13872.jpg,,
54916,G.13887,Brachiopod,Onniella sp.,Internal mould of a single valve of the Ordovician brachiopod Dinorthis sp. Locality unknown.,"Wood, B.",Unknown,unknown,Ordovician Period; Caradoc Series,Chronostratigraphy; Chronostratigraphy,https://github.com/NaturalHistoryMuseum/LudlowMuseumImgs/raw/master/G.13887.jpg,,
54984,G.13928,Brachiopod,Kjerulfina sp.; Reuschella sp.; Sowerbyella sericea,Fossilised remains of the Ordovician brachiopods Kjerulfina sp. Reuschella sp. and Sowerbyella sericea. Found at Marshbrook.,"Wood, B.",Marshbrook,unknown,Ordovician Period; Caradoc Series,Chronostratigraphy; Chronostratigraphy,https://github.com/NaturalHistoryMuseum/LudlowMuseumImgs/raw/master/G.13928.jpg,,
54995,G.13939,Brachiopod,Kjerulfina sp.,Fossilised remains of the Ordovician brachiopod Kjerulfina sp. Found at Acton Scott.,"Wood, B.",Acton Scott Village,unknown,Ordovician Period; Caradoc Series,Chronostratigraphy; Chronostratigraphy,https://github.com/NaturalHistoryMuseum/LudlowMuseumImgs/raw/master/G.13939.jpg,,
55004,G.14016,Brachiopod,Monobolina plumbea,Fossil remains of the Ordovician brachiopod Monobolina plumbea. Single valve. Found at Mytton's Beach.,unknown,Mytton's Beach,unknown,Ordovician Period; Arenig Series; Mytton Flags Formation,Chronostratigraphy; Chronostratigraphy; Lithostratigraphy,https://github.com/NaturalHistoryMuseum/LudlowMuseumImgs/raw/master/G.14016.jpg,,
55047,G.14102,Brachiopod,Dalmanella unguis,Fossilised remains of the Ordovician brachiopod Dalmanella unguis. Preserved as internal and external moulds in an assemblage that includes fragments of trilobites and Tentaculites sp. Found at Marshbrook.,"Baker, H.",Marshbrook,unknown,Ordovician Period; Caradoc Series,Chronostratigraphy; Chronostratigraphy,https://github.com/NaturalHistoryMuseum/LudlowMuseumImgs/raw/master/G.14102.jpg,,
55950,G.14738,Graptolite,Pristiograptus ludensis,Fossilised fragments of the Silurian graptolite Monograptus ludensis. Found near Llanrwst.,"Dixon, Sir Arthur",Bryn Sylldy; Llanrwst,SH820610,Silurian Period; Lower Ludlow Beds,Chronostratigraphy; Lithostratigraphy,https://github.com/NaturalHistoryMuseum/LudlowMuseumImgs/raw/master/G.14738.jpg,53.13278643,-3.763961153
55951,G.14739,Graptolite,Monograptus priodon,Fossilised remains of the Silurian graptolite Monograptus priodon. Found at Burrington.,"Tarrant, Peter; Rowlands, Maggie; Norton, John",Burrington,SO440710,Silurian Period; Wenlock Series; Coalbrookdale Formation,Chronostratigraphy; Chronostratigraphy; Lithostratigraphy,https://github.com/NaturalHistoryMuseum/LudlowMuseumImgs/raw/master/G.14739.jpg,52.33383856,-2.821939209
55981,G.14743,Graptolite,Monograptus priodon,Fossilised remains of the Silurian graptolite Monograptus priodon. Found at Bishop's Castle.,"Edwards, Dr. D.C.",Bishop's Castle; Shropshire,SO320880,Silurian Period; Wenlock Series; Coalbrookdale Formation,Chronostratigraphy; Chronostratigraphy; Lithostratigraphy,https://github.com/NaturalHistoryMuseum/LudlowMuseumImgs/raw/master/G.14743.jpg,52.48530783,-3.001498215
55987,G.14745,Graptolite,Monograptus flemingii,Fossilised remains of the Silurian graptolite Monograptus flemingii. Found at Llanrwst.,"Dixon, Sir Arthur",Llanrwst,SH790610,Silurian Period; Wenlock Series,Chronostratigraphy; Chronostratigraphy,https://github.com/NaturalHistoryMuseum/LudlowMuseumImgs/raw/master/G.14745.jpg,53.13211382,-3.808783481
55996,G.14751,Graptolite,Monograptus priodon,Fossilised remains of the Silurian graptolite Monograptus priodon. Found at Burrington.,"Tarrant, M.; Waters; Norton",Burrington,SO440710,Silurian Period; Coalbrookdale Formation,Chronostratigraphy; Lithostratigraphy,https://github.com/NaturalHistoryMuseum/LudlowMuseumImgs/raw/master/G.14751.jpg,52.33383856,-2.821939209
56182,G.14754,Graptolite,Pristiograptus colonus,Preserved remains of the Silurian graptolite Pristiograptus colonus. Found at Trippleton.,"Norton, W. J.",Trippleton,unknown,Silurian Period; Middle Elton Formation,Chronostratigraphy; Lithostratigraphy,https://github.com/NaturalHistoryMuseum/LudlowMuseumImgs/raw/master/G.14754.jpg,,
56192,G.14762,Graptolite,Pristiograptus colonus,Fossilised remains of the Silurian graptolite Pristiograptus colonus. Found in Bishop's Castle area.,"Edwards, Dr. D.C.",Bishop's Castle District,SO320880,Silurian Period; Ludlow Series,Chronostratigraphy; Chronostratigraphy,https://github.com/NaturalHistoryMuseum/LudlowMuseumImgs/raw/master/G.14762.jpg,52.48530783,-3.001498215
56261,G.14770,Graptolite,Cyrtograptus murchisoni,Fossilised remains of the Silurian graptolite Cyrtograptus murchisoni. Found in Mortimer's Forest.,unknown,Mortimer Forest,SO490740,Silurian Period; Ludlow Series; Middle Elton Formation,Chronostratigraphy; Chronostratigraphy; Lithostratigraphy,https://github.com/NaturalHistoryMuseum/LudlowMuseumImgs/raw/master/G.14770a.jpg,52.36129759,-2.749014639
56277,G.14780,Graptolite,Saetograptus leintwardinensis,Fossilised remains of the Silurian graptolite Saetograptus leintwardinensis. Found at Church Hill.,"Smith, R.",Church Hill,SO410730,Silurian Period; Ludlow Series; Lower Leintwardine Formation,Chronostratigraphy; Chronostratigraphy; Lithostratigraphy,https://github.com/NaturalHistoryMuseum/LudlowMuseumImgs/raw/master/G.14780a.jpg,52.35150444,-2.866317715
56318,G.14786,Graptolite,Saetograptus leintwardinensis,Fossilised remains of the Silurian graptolite Saetograptus leintwardinensis. Found near Leintwardine.,"Norton, W. J.",Cottager's Comfort Inn,unknown,Silurian Period; Ludlow Series,Chronostratigraphy; Chronostratigraphy,https://github.com/NaturalHistoryMuseum/LudlowMuseumImgs/raw/master/G.14786a.jpg,,
56401,G.14799,Graptolite,Pristiograptus sp.,"Fossilised fragments of the Silurian Graptolite Pristiograptus sp. Found at Leintwardine, Herefordshire","Smith, Dr R.D.A.",Leintwardine; Herefordshire,unknown,Silurian Period; Ludlow Series; Middle Elton Formation,Chronostratigraphy; Chronostratigraphy; Lithostratigraphy,https://github.com/NaturalHistoryMuseum/LudlowMuseumImgs/raw/master/G.14799.jpg,,
56408,G.14806,Graptolite,Pristiograptus dubius,Fossilised fragments of Silurian graptolites Pristiograptus dubius found at Builth Road.,"Shephard, H.H.",Builth Road,unknown,Silurian Period,Chronostratigraphy,https://github.com/NaturalHistoryMuseum/LudlowMuseumImgs/raw/master/G.14806b.jpg,,
56410,G.14807,Graptolite,Pristiograptus tumescens,"Fossilised fragments of Silurian graptolites Pristiograptus tumescens found at Gorsty, Mortimer Forest, Ludlow.","James, Lee",Gorsty; Mortimer Forest,SO490740,Silurian Period; Ludlow Series; Upper Elton Formation,Chronostratigraphy; Chronostratigraphy; Lithostratigraphy,https://github.com/NaturalHistoryMuseum/LudlowMuseumImgs/raw/master/G.14807a.jpg,52.36129759,-2.749014639
56446,G.14810,Graptolite,Pristiograptus tumescens,Fossilised remains of the Silurian graptolite Pristiograptus tumescens. Found at Leintwardine.,"Smith, R. D. A.",Leintwardine,unknown,Silurian Period; Ludlow Series; Middle Elton Formation,Chronostratigraphy; Chronostratigraphy; Lithostratigraphy,https://github.com/NaturalHistoryMuseum/LudlowMuseumImgs/raw/master/G.14810a.jpg,,
56455,G.14818,Graptolite,Pristiograptus tumescens,"Fossilised remains of the Silurian graptolite Pristiograptus tumescens. Found in Mortimer's Forest, near Ludlow.","Goodwin, Jonathan","Locality 4, Mortimer Forest",SO470730,Silurian Period; Ludlow Series; Middle Elton Formation,Chronostratigraphy; Chronostratigraphy; Lithostratigraphy,https://github.com/NaturalHistoryMuseum/LudlowMuseumImgs/raw/master/G.14818.jpg,52.35211742,-2.778226927
56473,G.14821,Graptolite,Pristiograptus tumescens,"Fossilised remains of the Silurian graptolites Pristiograptus tumescens. Found at Gorsty, near Ludlow.","Millington, Mr S.",Gorsty; Ludlow Town,SO470730,Silurian Period; Ludlow Series; Upper Elton Formation,Chronostratigraphy; Chronostratigraphy; Lithostratigraphy,https://github.com/NaturalHistoryMuseum/LudlowMuseumImgs/raw/master/G.14821.jpg,52.35211742,-2.778226927
56486,G.14826,Graptolite,Neodiversograptus nilssoni,"Fossilised remains of the Silurian graptolite Neodiversograptus nilssoni,. Locality unknown.",unknown,Unknown,unknown,Silurian Period; Ludlow Series; Middle Elton Formation,Chronostratigraphy; Chronostratigraphy; Lithostratigraphy,https://github.com/NaturalHistoryMuseum/LudlowMuseumImgs/raw/master/G.14826.jpg,,
56491,G.14828,Graptolite,Neodiversograptus nilssoni,Fossilised remains of the Silurian graptolite Neodiversograptus nilssoni. Found near Aston Pitch.,unknown,Aston Pitch,unknown,Silurian Period; Ludlow Series; Elton Formation,Chronostratigraphy; Chronostratigraphy; Lithostratigraphy,https://github.com/NaturalHistoryMuseum/LudlowMuseumImgs/raw/master/G.14828.jpg,,
56515,G.14833,Graptolite,Saetograptus leintwardinensis,"Fossilised fragments of Silurian graptolite found at Church Hill, Leintwardine","Smith, R.",Church Hill; Leintwardine,unknown,Silurian Period; Ludlow Series,Chronostratigraphy; Chronostratigraphy,https://github.com/NaturalHistoryMuseum/LudlowMuseumImgs/raw/master/G.14833b.jpg,,
56518,G.14836.001,Gastropod,Bembexia sp.,"Fossilised remains of the Silurian gastropod Bembexia sp. Found at Ludford, near Ludlow.","Snape, M.G.",Ludford,SO500730,Silurian Period; Ludlow Series; Whitcliffe Formation,Chronostratigraphy; Chronostratigraphy; Lithostratigraphy,https://github.com/NaturalHistoryMuseum/LudlowMuseumImgs/raw/master/G.14836.001.jpg,52.35239929,-2.734180389
56519,G.14836.002,Gastropod,Bembexia sp.,"Fossilised remains of the Silurian gastropod Bembexia sp. Found at Ludford, near Ludlow. Counterpart to G.14836.001.","Snape, M.G.",Ludford,SO500730,Silurian Period; Ludlow Series; Whitcliffe Formation,Chronostratigraphy; Chronostratigraphy; Lithostratigraphy,https://github.com/NaturalHistoryMuseum/LudlowMuseumImgs/raw/master/G.14836.002.jpg,52.35239929,-2.734180389
56625,G.14868,Gastropod,Acroculia sp.,"Fossilised shell of Silurian gastropod Acroculia sp. found at Wrens Nest, Dudley.","Rowlands, Maggie",Wren's Nest; Dudley,unknown,Silurian Period; Wenlock Series; Much Wenlock Limestone Formation,Chronostratigraphy; Chronostratigraphy; Lithostratigraphy,https://github.com/NaturalHistoryMuseum/LudlowMuseumImgs/raw/master/G.14868.jpg,,
56726,G.14893,BIVALVE; Gastropod,Platyschisma helicites; Modiolopsis complanata,"Fossilised remains of the Silurian gastropod Platyschisma helicites; bivalve Modiolopsis complenata, with ostracods and other fossil remains. Found at Ludford, Ludlow.",unknown,Ludford,unknown,Silurian Period; Pridoli Series,Chronostratigraphy; Chronostratigraphy,https://github.com/NaturalHistoryMuseum/LudlowMuseumImgs/raw/master/G.14893.jpg,,
56807,G.14923,Gastropod,Platyschisma helicites; Modiolopsis complanata,Fossilised remains of the Silurian gastropod Platyschisma helicites and the and bivalve Modiolopsis complanata. Found at Clun. Preserved as internal casts and moulds.,unknown,Clun,unknown,Silurian Period; Pridoli Series,Chronostratigraphy; Chronostratigraphy,https://github.com/NaturalHistoryMuseum/LudlowMuseumImgs/raw/master/G.14923a.jpg,,
56824,G.14938,Gastropod,Loxonema sp.,Fossilised remains of the Silurian gastropod Loxonema sp. Found near Burrington.,unknown,Burrington,SO440710,Silurian Period; Wenlock Series; Coalbrookdale Formation,Chronostratigraphy; Chronostratigraphy; Lithostratigraphy,https://github.com/NaturalHistoryMuseum/LudlowMuseumImgs/raw/master/G.14938.jpg,52.33383856,-2.821939209
56826,G.14940,Gastropod,Loxonema sinuosa,Fossilised remains of the Silurian gastropod Loxonema sinuosa. Found at Upper Millichope.,"Wood, B.",Upper Millichope,SO520890,Silurian Period; Ludlow Series; Middle Elton Formation,Chronostratigraphy; Chronostratigraphy; Lithostratigraphy,https://github.com/NaturalHistoryMuseum/LudlowMuseumImgs/raw/master/G.14940.jpg,52.49642463,-2.707113549
56827,G.14941,Gastropod,Loxonema sinuosa,Fossilised remains of the Silurian gastropod Loxonema sinuosa. Found at Upper Millichope.,"Wood, B.",Upper Millichope,SO520890,Silurian Period; Ludlow Series; Middle Elton Formation,Chronostratigraphy; Chronostratigraphy; Lithostratigraphy,https://github.com/NaturalHistoryMuseum/LudlowMuseumImgs/raw/master/G.14941.jpg,52.49642463,-2.707113549
56828,G.14942,Gastropod,Loxonema sinuosa,Fossilised remains of the Silurian gastropod Loxonema sinuosa. Found at Upper Millichope.,"Wood, B.",Upper Millichope,SO520890,Silurian Period; Ludlow Series; Middle Elton Formation,Chronostratigraphy; Chronostratigraphy; Lithostratigraphy,https://github.com/NaturalHistoryMuseum/LudlowMuseumImgs/raw/master/G.14942.jpg,52.49642463,-2.707113549
56851,G.14950,Gastropod,Loxonema sp.,Fossilised remains of the Silurian gastropod Loxonema sp. Found at Upper Millichope.,"Cheese, A.; Carter, Suzanne",Upper Millichope,SO520890,Silurian Period; Ludlow Series; Elton Formation,Chronostratigraphy; Chronostratigraphy; Lithostratigraphy,https://github.com/NaturalHistoryMuseum/LudlowMuseumImgs/raw/master/G.14950a.jpg,52.49642463,-2.707113549
56894,G.14960,Gastropod,Loxonema sp.,"Fossilised remains of the Silurian gastropod Loxonema sp. Found at locality 33, Mortimer Forest, near Ludlow.","Smith, R.",Mortimer Forest,SO490740,Silurian Period; Ludlow Series; Lower Leintwardine Formation,Chronostratigraphy; Chronostratigraphy; Lithostratigraphy,https://github.com/NaturalHistoryMuseum/LudlowMuseumImgs/raw/master/G.14960.jpg,52.36129759,-2.749014639
56900,G.14962.001,Gastropod,Loxonema sp.,Fossilised remains of the Silurian gastropod Loxonema sp. Preserved as internal cast. Found at Grange quarry.,Whiteman,Grange Quarry,unknown,Silurian Period; Wenlock Series,Chronostratigraphy; Chronostratigraphy,https://github.com/NaturalHistoryMuseum/LudlowMuseumImgs/raw/master/G.14962.001.jpg,,
56937,G.14978.001,Gastropod,Cyclonema sp.,"Fossilised shell of Silurian gastropod Cyclonema sp. found at Grange Quarry, Eardington near Bridgnorth, Shropshire.","Whiteman, Mr & Mrs",Grange Quarry; Eardington; Bridgnorth,unknown,Silurian Period; Wenlock Series,Chronostratigraphy; Chronostratigraphy,https://github.com/NaturalHistoryMuseum/LudlowMuseumImgs/raw/master/G.14978.001.jpg,,
56938,G.14978.002,Gastropod,Cyclonema sp.,"Fossilised shell of Silurian gastropod Cylonema sp. found at Grange Quarry, Eardington near Bridgnorth, Shropshire.","Whiteman, Mr & Mrs",Grange Quarry; Eardington; Bridgnorth,unknown,Silurian Period; Wenlock Series,Chronostratigraphy; Chronostratigraphy,https://github.com/NaturalHistoryMuseum/LudlowMuseumImgs/raw/master/G.14978.002.jpg,,
56955,G.14983,Gastropod,Turbo sp.,"Fossilised shell of Silurian gastropod Turbo sp. found in Mortimer Forest, Ludlow.","Snape, M.",Mortimer Forest,SO490740,Silurian Period; Ludlow Series; Middle Elton Formation,Chronostratigraphy; Chronostratigraphy; Lithostratigraphy,https://github.com/NaturalHistoryMuseum/LudlowMuseumImgs/raw/master/G.14983.jpg,52.36129759,-2.749014639
